payment_id,order_id,amount,currency,status,captured_at,method,merchant_reference
PAY_10001,ORDER_10001,6412.01,INR,captured,2026-03-19T13:51:00Z,card,MREF_10001
PAY_10002,ORDER_10002,8242.18,INR,captured,2026-03-16T10:37:00Z,upi,MREF_10002
PAY_10003,ORDER_10003,3020.46,INR,captured,2026-03-08T20:44:00Z,card,MREF_10003
PAY_10004,ORDER_10004,185.93,INR,captured,2026-03-16T16:36:00Z,upi,MREF_10004
PAY_10005,ORDER_10005,444.87,INR,captured,2026-03-26T06:35:00Z,upi,MREF_10005
PAY_10006,ORDER_10006,5108.63,INR,captured,2026-03-02T08:47:00Z,card,MREF_10006
PAY_10007,ORDER_10007,7714.36,INR,captured,2026-03-06T19:29:00Z,upi,MREF_10007
PAY_10008,ORDER_10008,5354.20,INR,captured,2026-03-14T06:03:00Z,netbanking,MREF_10008
PAY_10009,ORDER_10009,2988.93,INR,captured,2026-03-08T16:12:00Z,netbanking,MREF_10009
PAY_10010,ORDER_10010,2807.33,INR,captured,2026-03-26T14:12:00Z,upi,MREF_10010
PAY_10011,ORDER_10011,6630.37,INR,captured,2026-03-03T16:40:00Z,wallet,MREF_10011
PAY_10012,ORDER_10012,8960.45,INR,captured,2026-03-03T21:25:00Z,card,MREF_10012
PAY_10013,ORDER_10013,4654.10,INR,captured,2026-03-04T06:21:00Z,netbanking,MREF_10013
PAY_10014,ORDER_10014,8891.01,INR,captured,2026-03-27T07:43:00Z,upi,MREF_10014
PAY_10015,ORDER_10015,7834.68,INR,captured,2026-03-22T08:31:00Z,card,MREF_10015
PAY_10016,ORDER_10016,4207.80,INR,captured,2026-03-30T15:54:00Z,netbanking,MREF_10016
PAY_10017,ORDER_10017,6970.02,INR,captured,2026-03-11T15:19:00Z,upi,MREF_10017
PAY_10018,ORDER_10018,9444.00,INR,captured,2026-03-14T19:41:00Z,wallet,MREF_10018
PAY_10019,ORDER_10019,1093.20,INR,captured,2026-03-13T14:17:00Z,netbanking,MREF_10019
PAY_10020,ORDER_10020,1025.54,INR,captured,2026-03-10T18:54:00Z,upi,MREF_10020
PAY_10021,ORDER_10021,1817.99,INR,captured,2026-03-25T08:58:00Z,netbanking,MREF_10021
PAY_10022,ORDER_10022,1678.14,INR,captured,2026-03-21T09:24:00Z,netbanking,MREF_10022
PAY_10023,ORDER_10023,8442.31,INR,captured,2026-03-11T09:37:00Z,upi,MREF_10023
PAY_10024,ORDER_10024,8225.61,INR,captured,2026-03-24T12:07:00Z,upi,MREF_10024
PAY_10025,ORDER_10025,8339.88,INR,captured,2026-03-01T17:38:00Z,wallet,MREF_10025
PAY_10026,ORDER_10026,1870.61,INR,captured,2026-03-07T15:29:00Z,card,MREF_10026
PAY_10027,ORDER_10027,2725.78,INR,captured,2026-03-22T17:17:00Z,upi,MREF_10027
PAY_10028,ORDER_10028,5501.48,INR,captured,2026-03-01T09:59:00Z,wallet,MREF_10028
PAY_10029,ORDER_10029,2884.90,INR,captured,2026-03-05T08:33:00Z,upi,MREF_10029
PAY_10030,ORDER_10030,3876.10,INR,captured,2026-03-14T12:41:00Z,upi,MREF_10030
PAY_10031,ORDER_10031,5861.63,INR,captured,2026-03-27T11:29:00Z,netbanking,MREF_10031
PAY_10032,ORDER_10032,2943.59,INR,captured,2026-03-18T09:19:00Z,upi,MREF_10032
PAY_10033,ORDER_10033,6648.12,INR,captured,2026-03-21T09:10:00Z,upi,MREF_10033
PAY_10034,ORDER_10034,5549.96,INR,captured,2026-03-04T11:02:00Z,card,MREF_10034
PAY_10035,ORDER_10035,8683.07,INR,captured,2026-03-15T12:42:00Z,wallet,MREF_10035
PAY_10036,ORDER_10036,5065.06,INR,captured,2026-03-14T08:52:00Z,wallet,MREF_10036
PAY_10037,ORDER_10037,5935.25,INR,captured,2026-03-27T13:08:00Z,wallet,MREF_10037
PAY_10038,ORDER_10038,9354.99,INR,captured,2026-03-07T12:32:00Z,upi,MREF_10038
PAY_10039,ORDER_10039,650.64,INR,captured,2026-03-26T19:44:00Z,card,MREF_10039
PAY_10040,ORDER_10040,7263.47,INR,captured,2026-03-06T14:40:00Z,wallet,MREF_10040
PAY_10041,ORDER_10041,8125.21,INR,captured,2026-03-25T16:50:00Z,netbanking,MREF_10041
PAY_10042,ORDER_10042,6517.24,INR,captured,2026-03-11T13:52:00Z,upi,MREF_10042
PAY_10043,ORDER_10043,8047.66,INR,captured,2026-03-29T16:19:00Z,card,MREF_10043
PAY_10044,ORDER_10044,6205.58,INR,captured,2026-03-11T06:05:00Z,netbanking,MREF_10044
PAY_10045,ORDER_10045,6764.91,INR,captured,2026-03-29T20:27:00Z,card,MREF_10045
PAY_10046,ORDER_10046,2870.70,INR,captured,2026-03-09T08:02:00Z,upi,MREF_10046
PAY_10047,ORDER_10047,7487.79,INR,captured,2026-03-18T17:47:00Z,card,MREF_10047
PAY_10048,ORDER_10048,4535.41,INR,captured,2026-03-20T14:26:00Z,upi,MREF_10048
PAY_10049,ORDER_10049,1530.48,INR,captured,2026-03-13T11:18:00Z,netbanking,MREF_10049
PAY_10050,ORDER_10050,6202.95,INR,captured,2026-03-09T14:32:00Z,upi,MREF_10050
PAY_10051,ORDER_10051,8969.29,INR,captured,2026-03-05T06:08:00Z,card,MREF_10051
PAY_10052,ORDER_10052,1073.69,INR,captured,2026-03-27T12:30:00Z,wallet,MREF_10052
PAY_10053,ORDER_10053,6720.84,INR,captured,2026-03-02T11:13:00Z,netbanking,MREF_10053
PAY_10054,ORDER_10054,6332.22,INR,captured,2026-03-03T21:45:00Z,wallet,MREF_10054
PAY_10055,ORDER_10055,1803.38,INR,captured,2026-03-17T18:31:00Z,card,MREF_10055
PAY_10056,ORDER_10056,6434.51,INR,captured,2026-03-03T06:15:00Z,netbanking,MREF_10056
PAY_10057,ORDER_10057,3859.74,INR,captured,2026-03-17T21:01:00Z,upi,MREF_10057
PAY_10058,ORDER_10058,2066.43,INR,captured,2026-03-09T19:32:00Z,wallet,MREF_10058
PAY_10059,ORDER_10059,8191.14,INR,captured,2026-03-29T10:31:00Z,wallet,MREF_10059
PAY_10060,ORDER_10060,3066.97,INR,captured,2026-03-21T15:48:00Z,upi,MREF_10060
PAY_10061,ORDER_10061,5332.58,INR,captured,2026-03-23T14:41:00Z,netbanking,MREF_10061
PAY_10062,ORDER_10062,3036.52,INR,captured,2026-03-30T21:45:00Z,netbanking,MREF_10062
PAY_10063,ORDER_10063,8358.64,INR,captured,2026-03-21T19:23:00Z,upi,MREF_10063
PAY_10064,ORDER_10064,5132.24,INR,captured,2026-03-27T12:20:00Z,wallet,MREF_10064
PAY_10065,ORDER_10065,1560.54,INR,captured,2026-03-19T19:41:00Z,upi,MREF_10065
PAY_10066,ORDER_10066,6047.65,INR,captured,2026-03-29T13:16:00Z,wallet,MREF_10066
PAY_10067,ORDER_10067,8066.94,INR,captured,2026-03-23T17:11:00Z,wallet,MREF_10067
PAY_10068,ORDER_10068,4824.12,INR,captured,2026-03-17T13:04:00Z,wallet,MREF_10068
PAY_10069,ORDER_10069,5908.31,INR,captured,2026-03-21T12:26:00Z,netbanking,MREF_10069
PAY_10070,ORDER_10070,1062.19,INR,captured,2026-03-16T06:10:00Z,card,MREF_10070
PAY_10071,ORDER_10071,6539.32,INR,captured,2026-03-12T19:50:00Z,card,MREF_10071
PAY_10072,ORDER_10072,2671.43,INR,captured,2026-03-01T10:42:00Z,wallet,MREF_10072
PAY_10073,ORDER_10073,3376.49,INR,captured,2026-03-19T20:53:00Z,card,MREF_10073
PAY_10074,ORDER_10074,2756.14,INR,captured,2026-03-19T09:28:00Z,upi,MREF_10074
PAY_10075,ORDER_10075,5684.50,INR,captured,2026-03-22T14:29:00Z,card,MREF_10075
PAY_10076,ORDER_10076,1240.12,INR,captured,2026-03-24T17:55:00Z,card,MREF_10076
PAY_10077,ORDER_10077,2299.83,INR,captured,2026-03-01T11:14:00Z,wallet,MREF_10077
PAY_10078,ORDER_10078,6219.48,INR,captured,2026-03-18T19:20:00Z,card,MREF_10078
PAY_10079,ORDER_10079,2061.48,INR,captured,2026-03-23T18:22:00Z,wallet,MREF_10079
PAY_10080,ORDER_10080,7373.38,INR,captured,2026-03-16T08:04:00Z,upi,MREF_10080
PAY_10081,ORDER_10081,9047.30,INR,captured,2026-03-27T18:29:00Z,card,MREF_10081
PAY_10082,ORDER_10082,2081.34,INR,captured,2026-03-05T14:40:00Z,wallet,MREF_10082
PAY_10083,ORDER_10083,5786.06,INR,captured,2026-03-08T08:39:00Z,netbanking,MREF_10083
PAY_10084,ORDER_10084,7116.82,INR,captured,2026-03-07T20:31:00Z,card,MREF_10084
PAY_10085,ORDER_10085,590.06,INR,captured,2026-03-29T15:17:00Z,upi,MREF_10085
PAY_10086,ORDER_10086,8216.95,INR,captured,2026-03-22T18:15:00Z,upi,MREF_10086
PAY_10087,ORDER_10087,1911.37,INR,captured,2026-03-06T16:30:00Z,wallet,MREF_10087
PAY_10088,ORDER_10088,2129.03,INR,captured,2026-03-03T08:59:00Z,upi,MREF_10088
PAY_10089,ORDER_10089,6454.39,INR,captured,2026-03-16T15:29:00Z,card,MREF_10089
PAY_10090,ORDER_10090,2065.58,INR,captured,2026-03-30T19:20:00Z,netbanking,MREF_10090
PAY_10091,ORDER_10091,2507.93,INR,captured,2026-03-23T13:29:00Z,upi,MREF_10091
PAY_10092,ORDER_10092,4133.39,INR,captured,2026-03-02T19:21:00Z,upi,MREF_10092
PAY_10093,ORDER_10093,755.54,INR,captured,2026-03-16T06:39:00Z,wallet,MREF_10093
PAY_10094,ORDER_10094,652.63,INR,captured,2026-03-23T16:48:00Z,netbanking,MREF_10094
PAY_10095,ORDER_10095,4594.86,INR,captured,2026-03-17T13:30:00Z,upi,MREF_10095
PAY_10096,ORDER_10096,184.64,INR,captured,2026-03-18T06:42:00Z,netbanking,MREF_10096
PAY_10097,ORDER_10097,8855.98,INR,captured,2026-03-06T11:43:00Z,upi,MREF_10097
PAY_10098,ORDER_10098,576.34,INR,captured,2026-03-19T20:27:00Z,netbanking,MREF_10098
PAY_10099,ORDER_10099,7198.09,INR,captured,2026-03-15T13:28:00Z,card,MREF_10099
PAY_10100,ORDER_10100,7939.69,INR,captured,2026-03-22T15:56:00Z,upi,MREF_10100
PAY_10101,ORDER_10101,4975.34,INR,captured,2026-03-01T20:03:00Z,upi,MREF_10101
PAY_10102,ORDER_10102,8115.52,INR,captured,2026-03-21T14:36:00Z,netbanking,MREF_10102
PAY_10103,ORDER_10103,7738.96,INR,captured,2026-03-30T21:58:00Z,wallet,MREF_10103
PAY_10104,ORDER_10104,9434.11,INR,captured,2026-03-25T08:05:00Z,card,MREF_10104
PAY_10105,ORDER_10105,7406.42,INR,captured,2026-03-15T19:40:00Z,upi,MREF_10105
PAY_10106,ORDER_10106,6281.04,INR,captured,2026-03-26T13:55:00Z,upi,MREF_10106
PAY_10107,ORDER_10107,621.15,INR,captured,2026-03-05T11:43:00Z,card,MREF_10107
PAY_10108,ORDER_10108,6091.24,INR,captured,2026-03-08T15:22:00Z,wallet,MREF_10108
PAY_10109,ORDER_10109,299.91,INR,captured,2026-03-13T18:44:00Z,netbanking,MREF_10109
PAY_10110,ORDER_10110,8559.97,INR,captured,2026-03-27T10:35:00Z,upi,MREF_10110
PAY_10111,ORDER_10111,3096.26,INR,captured,2026-03-12T19:37:00Z,upi,MREF_10111
PAY_10112,ORDER_10112,5709.06,INR,captured,2026-03-16T21:10:00Z,card,MREF_10112
PAY_10113,ORDER_10113,5725.94,INR,captured,2026-03-20T18:26:00Z,wallet,MREF_10113
PAY_10114,ORDER_10114,9280.54,INR,captured,2026-03-12T15:10:00Z,card,MREF_10114
PAY_10115,ORDER_10115,5260.63,INR,captured,2026-03-21T17:34:00Z,netbanking,MREF_10115
PAY_10116,ORDER_10116,714.74,INR,captured,2026-03-27T18:00:00Z,card,MREF_10116
PAY_10117,ORDER_10117,5048.86,INR,captured,2026-03-28T06:02:00Z,card,MREF_10117
PAY_10118,ORDER_10118,3943.42,INR,captured,2026-03-23T16:00:00Z,wallet,MREF_10118
PAY_10119,ORDER_10119,6252.38,INR,captured,2026-03-11T09:44:00Z,card,MREF_10119
PAY_10120,ORDER_10120,5573.35,INR,captured,2026-03-19T15:51:00Z,upi,MREF_10120
PAY_10121,ORDER_10121,1969.57,INR,captured,2026-03-18T12:35:00Z,card,MREF_10121
PAY_10122,ORDER_10122,8782.86,INR,captured,2026-03-22T17:16:00Z,wallet,MREF_10122
PAY_10123,ORDER_10123,6378.78,INR,captured,2026-03-13T15:20:00Z,wallet,MREF_10123
PAY_10124,ORDER_10124,8651.16,INR,captured,2026-03-27T17:20:00Z,netbanking,MREF_10124
PAY_10125,ORDER_10125,3140.82,INR,captured,2026-03-28T09:09:00Z,wallet,MREF_10125
PAY_10126,ORDER_10126,6244.27,INR,captured,2026-03-16T21:01:00Z,netbanking,MREF_10126
PAY_10127,ORDER_10127,2243.29,INR,captured,2026-03-30T10:57:00Z,wallet,MREF_10127
PAY_10128,ORDER_10128,2177.91,INR,captured,2026-03-10T14:23:00Z,upi,MREF_10128
PAY_10129,ORDER_10129,4923.62,INR,captured,2026-03-29T16:18:00Z,upi,MREF_10129
PAY_10130,ORDER_10130,8563.25,INR,captured,2026-03-14T08:34:00Z,netbanking,MREF_10130
PAY_10131,ORDER_10131,8136.69,INR,captured,2026-03-17T20:35:00Z,upi,MREF_10131
PAY_10132,ORDER_10132,6323.77,INR,captured,2026-03-19T13:35:00Z,netbanking,MREF_10132
PAY_10133,ORDER_10133,6789.14,INR,captured,2026-03-13T08:00:00Z,upi,MREF_10133
PAY_10134,ORDER_10134,6218.59,INR,captured,2026-03-10T06:07:00Z,upi,MREF_10134
PAY_10135,ORDER_10135,1427.14,INR,captured,2026-03-02T13:41:00Z,netbanking,MREF_10135
PAY_10136,ORDER_10136,3330.90,INR,captured,2026-03-07T10:37:00Z,upi,MREF_10136
PAY_10137,ORDER_10137,938.23,INR,captured,2026-03-19T13:48:00Z,card,MREF_10137
PAY_10138,ORDER_10138,9059.16,INR,captured,2026-03-11T20:51:00Z,upi,MREF_10138
PAY_10139,ORDER_10139,7181.68,INR,captured,2026-03-06T16:36:00Z,wallet,MREF_10139
PAY_10140,ORDER_10140,8581.63,INR,captured,2026-03-13T12:09:00Z,netbanking,MREF_10140
PAY_10141,ORDER_10141,1038.22,INR,captured,2026-03-06T06:51:00Z,netbanking,MREF_10141
PAY_10142,ORDER_10142,5066.85,INR,captured,2026-03-16T15:58:00Z,netbanking,MREF_10142
PAY_10143,ORDER_10143,972.58,INR,captured,2026-03-16T20:53:00Z,card,MREF_10143
PAY_10144,ORDER_10144,5163.36,INR,captured,2026-03-28T12:42:00Z,upi,MREF_10144
PAY_10145,ORDER_10145,6180.10,INR,captured,2026-03-10T11:20:00Z,wallet,MREF_10145
PAY_10146,ORDER_10146,4754.79,INR,captured,2026-03-27T09:35:00Z,netbanking,MREF_10146
PAY_10147,ORDER_10147,9472.78,INR,captured,2026-03-22T15:24:00Z,card,MREF_10147
PAY_10148,ORDER_10148,602.29,INR,captured,2026-03-13T06:09:00Z,card,MREF_10148
PAY_10149,ORDER_10149,4370.74,INR,captured,2026-03-11T18:31:00Z,upi,MREF_10149
PAY_10150,ORDER_10150,3408.76,INR,captured,2026-03-30T17:26:00Z,netbanking,MREF_10150
PAY_10151,ORDER_10151,1204.52,INR,captured,2026-03-09T15:15:00Z,wallet,MREF_10151
PAY_10152,ORDER_10152,558.42,INR,captured,2026-03-12T07:56:00Z,wallet,MREF_10152
PAY_10153,ORDER_10153,8341.11,INR,captured,2026-03-18T07:37:00Z,card,MREF_10153
PAY_10154,ORDER_10154,4367.06,INR,captured,2026-03-26T09:58:00Z,upi,MREF_10154
PAY_10155,ORDER_10155,3729.38,INR,captured,2026-03-01T12:03:00Z,upi,MREF_10155
PAY_10156,ORDER_10156,7308.72,INR,captured,2026-03-13T06:57:00Z,card,MREF_10156
PAY_10157,ORDER_10157,7563.14,INR,captured,2026-03-04T09:41:00Z,wallet,MREF_10157
PAY_10158,ORDER_10158,6755.12,INR,captured,2026-03-26T20:14:00Z,netbanking,MREF_10158
PAY_10159,ORDER_10159,8018.22,INR,captured,2026-03-25T09:00:00Z,wallet,MREF_10159
PAY_10160,ORDER_10160,250.57,INR,captured,2026-03-28T09:08:00Z,wallet,MREF_10160
PAY_10161,ORDER_10161,6086.00,INR,captured,2026-03-21T16:05:00Z,netbanking,MREF_10161
PAY_10162,ORDER_10162,2266.33,INR,captured,2026-03-24T06:50:00Z,netbanking,MREF_10162
PAY_10163,ORDER_10163,8566.57,INR,captured,2026-03-12T07:16:00Z,wallet,MREF_10163
PAY_10164,ORDER_10164,7727.82,INR,captured,2026-03-17T09:02:00Z,card,MREF_10164
PAY_10165,ORDER_10165,9028.05,INR,captured,2026-03-28T11:57:00Z,wallet,MREF_10165
PAY_10166,ORDER_10166,794.53,INR,captured,2026-03-05T11:16:00Z,netbanking,MREF_10166
PAY_10167,ORDER_10167,5672.29,INR,captured,2026-03-17T15:39:00Z,card,MREF_10167
PAY_10168,ORDER_10168,4053.35,INR,captured,2026-03-27T16:37:00Z,wallet,MREF_10168
PAY_10169,ORDER_10169,8926.95,INR,captured,2026-03-07T12:06:00Z,card,MREF_10169
PAY_10170,ORDER_10170,5372.27,INR,captured,2026-03-07T15:36:00Z,upi,MREF_10170
PAY_10171,ORDER_10171,6922.45,INR,captured,2026-03-13T11:25:00Z,card,MREF_10171
PAY_10172,ORDER_10172,8359.61,INR,captured,2026-03-19T16:38:00Z,wallet,MREF_10172
PAY_10173,ORDER_10173,4441.25,INR,captured,2026-03-15T18:08:00Z,netbanking,MREF_10173
PAY_10174,ORDER_10174,8771.34,INR,captured,2026-03-13T09:58:00Z,upi,MREF_10174
PAY_10175,ORDER_10175,4793.16,INR,captured,2026-03-28T20:05:00Z,wallet,MREF_10175
PAY_10176,ORDER_10176,3365.15,INR,captured,2026-03-09T13:47:00Z,netbanking,MREF_10176
PAY_10177,ORDER_10177,9020.95,INR,captured,2026-03-11T21:03:00Z,netbanking,MREF_10177
PAY_10178,ORDER_10178,3592.10,INR,captured,2026-03-14T10:16:00Z,upi,MREF_10178
PAY_10179,ORDER_10179,1603.25,INR,captured,2026-03-07T06:42:00Z,upi,MREF_10179
PAY_10180,ORDER_10180,7006.66,INR,captured,2026-03-02T18:05:00Z,netbanking,MREF_10180
PAY_10181,ORDER_10181,5678.21,INR,captured,2026-03-14T11:38:00Z,upi,MREF_10181
PAY_10182,ORDER_10182,6377.68,INR,captured,2026-03-24T19:44:00Z,upi,MREF_10182
PAY_10183,ORDER_10183,2943.12,INR,captured,2026-03-12T15:58:00Z,upi,MREF_10183
PAY_10184,ORDER_10184,3463.14,INR,captured,2026-03-13T10:40:00Z,card,MREF_10184
PAY_10185,ORDER_10185,9392.35,INR,captured,2026-03-20T18:33:00Z,wallet,MREF_10185
PAY_10186,ORDER_10186,3783.31,INR,captured,2026-03-28T15:30:00Z,wallet,MREF_10186
PAY_10187,ORDER_10187,325.60,INR,captured,2026-03-08T06:36:00Z,card,MREF_10187
PAY_10188,ORDER_10188,1764.99,INR,captured,2026-03-22T08:14:00Z,upi,MREF_10188
PAY_10189,ORDER_10189,8174.07,INR,captured,2026-03-30T13:43:00Z,wallet,MREF_10189
PAY_10190,ORDER_10190,2540.89,INR,captured,2026-03-08T19:21:00Z,card,MREF_10190
PAY_10191,ORDER_10191,4725.43,INR,captured,2026-03-22T18:53:00Z,upi,MREF_10191
PAY_10192,ORDER_10192,8495.74,INR,captured,2026-03-19T16:16:00Z,wallet,MREF_10192
PAY_10193,ORDER_10193,8685.26,INR,captured,2026-03-19T16:30:00Z,upi,MREF_10193
PAY_10194,ORDER_10194,8339.21,INR,captured,2026-03-29T19:05:00Z,netbanking,MREF_10194
PAY_10195,ORDER_10195,7995.37,INR,captured,2026-03-26T09:07:00Z,upi,MREF_10195
PAY_10196,ORDER_10196,3579.72,INR,captured,2026-03-17T19:24:00Z,netbanking,MREF_10196
PAY_10197,ORDER_10197,9130.81,INR,captured,2026-03-02T10:57:00Z,netbanking,MREF_10197
PAY_10198,ORDER_10198,8356.03,INR,captured,2026-03-16T09:05:00Z,upi,MREF_10198
PAY_10199,ORDER_10199,2459.43,INR,captured,2026-03-09T21:39:00Z,upi,MREF_10199
PAY_10200,ORDER_10200,9390.20,INR,captured,2026-03-07T09:53:00Z,netbanking,MREF_10200
PAY_10201,ORDER_10201,5544.53,INR,captured,2026-03-12T18:10:00Z,upi,MREF_10201
PAY_10202,ORDER_10202,4598.12,INR,captured,2026-03-18T11:29:00Z,upi,MREF_10202
PAY_10203,ORDER_10203,7727.70,INR,captured,2026-03-20T09:41:00Z,netbanking,MREF_10203
PAY_10204,ORDER_10204,8318.02,INR,captured,2026-03-05T11:10:00Z,card,MREF_10204
PAY_10205,ORDER_10205,423.38,INR,captured,2026-03-16T18:16:00Z,upi,MREF_10205
PAY_10206,ORDER_10206,2353.23,INR,captured,2026-03-03T18:28:00Z,netbanking,MREF_10206
PAY_10207,ORDER_10207,9303.46,INR,captured,2026-03-17T14:50:00Z,card,MREF_10207
PAY_10208,ORDER_10208,5043.54,INR,captured,2026-03-01T19:47:00Z,card,MREF_10208
PAY_10209,ORDER_10209,4475.87,INR,captured,2026-03-09T09:48:00Z,card,MREF_10209
PAY_10210,ORDER_10210,7006.76,INR,captured,2026-03-09T15:43:00Z,wallet,MREF_10210
PAY_10211,ORDER_10211,6728.25,INR,captured,2026-03-15T19:54:00Z,wallet,MREF_10211
PAY_10212,ORDER_10212,4885.92,INR,captured,2026-03-11T09:03:00Z,netbanking,MREF_10212
PAY_10213,ORDER_10213,6910.84,INR,captured,2026-03-09T21:58:00Z,wallet,MREF_10213
PAY_10214,ORDER_10214,2955.34,INR,captured,2026-03-08T18:04:00Z,netbanking,MREF_10214
PAY_10215,ORDER_10215,7146.60,INR,captured,2026-03-20T21:45:00Z,wallet,MREF_10215
PAY_10216,ORDER_10216,5768.00,INR,captured,2026-03-30T18:51:00Z,wallet,MREF_10216
PAY_10217,ORDER_10217,3593.95,INR,captured,2026-03-12T14:02:00Z,card,MREF_10217
PAY_10218,ORDER_10218,2218.93,INR,captured,2026-03-23T09:40:00Z,wallet,MREF_10218
PAY_10219,ORDER_10219,1923.50,INR,captured,2026-03-09T06:08:00Z,wallet,MREF_10219
PAY_10220,ORDER_10220,8547.93,INR,captured,2026-03-30T11:19:00Z,netbanking,MREF_10220
PAY_10221,ORDER_10221,5581.53,INR,captured,2026-03-07T11:10:00Z,wallet,MREF_10221
PAY_10222,ORDER_10222,6652.06,INR,captured,2026-03-22T18:50:00Z,netbanking,MREF_10222
PAY_10223,ORDER_10223,2272.11,INR,captured,2026-03-08T10:24:00Z,wallet,MREF_10223
PAY_10224,ORDER_10224,3301.37,INR,captured,2026-03-05T14:49:00Z,wallet,MREF_10224
PAY_10225,ORDER_10225,2003.22,INR,captured,2026-03-29T17:11:00Z,netbanking,MREF_10225
PAY_10226,ORDER_10226,745.78,INR,captured,2026-03-27T12:49:00Z,card,MREF_10226
PAY_10227,ORDER_10227,6037.25,INR,captured,2026-03-19T12:07:00Z,wallet,MREF_10227
PAY_10228,ORDER_10228,1964.62,INR,captured,2026-03-07T07:02:00Z,card,MREF_10228
PAY_10229,ORDER_10229,4799.46,INR,captured,2026-03-29T20:23:00Z,upi,MREF_10229
PAY_10230,ORDER_10230,6586.20,INR,captured,2026-03-16T09:15:00Z,upi,MREF_10230
PAY_10231,ORDER_10231,739.21,INR,captured,2026-03-15T21:32:00Z,wallet,MREF_10231
PAY_10232,ORDER_10232,1512.01,INR,captured,2026-03-16T16:07:00Z,netbanking,MREF_10232
PAY_10233,ORDER_10233,2199.13,INR,captured,2026-03-30T11:13:00Z,upi,MREF_10233
PAY_10234,ORDER_10234,4337.02,INR,captured,2026-03-13T11:31:00Z,card,MREF_10234
PAY_10235,ORDER_10235,373.91,INR,captured,2026-03-15T17:07:00Z,upi,MREF_10235
PAY_10236,ORDER_10236,8358.34,INR,captured,2026-03-07T12:55:00Z,netbanking,MREF_10236
PAY_10237,ORDER_10237,8724.45,INR,captured,2026-03-13T16:13:00Z,card,MREF_10237
PAY_10238,ORDER_10238,5880.96,INR,captured,2026-03-21T19:30:00Z,upi,MREF_10238
PAY_10239,ORDER_10239,4735.23,INR,captured,2026-03-20T15:15:00Z,card,MREF_10239
PAY_10240,ORDER_10240,4785.01,INR,captured,2026-03-12T13:08:00Z,upi,MREF_10240
PAY_10241,ORDER_10241,2420.75,INR,captured,2026-03-08T11:19:00Z,wallet,MREF_10241
PAY_10242,ORDER_10242,6339.65,INR,captured,2026-03-02T12:49:00Z,upi,MREF_10242
PAY_10243,ORDER_10243,1886.37,INR,captured,2026-03-03T15:07:00Z,wallet,MREF_10243
PAY_10244,ORDER_10244,7341.17,INR,captured,2026-03-07T14:24:00Z,netbanking,MREF_10244
PAY_10245,ORDER_10245,3788.68,INR,captured,2026-03-15T19:37:00Z,card,MREF_10245
PAY_10246,ORDER_10246,7343.45,INR,captured,2026-03-21T20:56:00Z,wallet,MREF_10246
PAY_10247,ORDER_10247,1291.57,INR,captured,2026-03-20T08:11:00Z,wallet,MREF_10247
PAY_10248,ORDER_10248,2862.20,INR,captured,2026-03-22T13:32:00Z,netbanking,MREF_10248
PAY_10249,ORDER_10249,9450.55,INR,captured,2026-03-27T11:24:00Z,wallet,MREF_10249
PAY_10250,ORDER_10250,8742.63,INR,captured,2026-03-23T06:31:00Z,card,MREF_10250
PAY_10251,ORDER_10251,2774.50,INR,captured,2026-03-04T06:25:00Z,wallet,MREF_10251
PAY_10252,ORDER_10252,8883.01,INR,captured,2026-03-26T15:03:00Z,upi,MREF_10252
PAY_10253,ORDER_10253,7586.49,INR,captured,2026-03-19T11:28:00Z,netbanking,MREF_10253
PAY_10254,ORDER_10254,1106.89,INR,captured,2026-03-26T11:10:00Z,upi,MREF_10254
PAY_10255,ORDER_10255,5779.53,INR,captured,2026-03-07T18:33:00Z,wallet,MREF_10255
PAY_10256,ORDER_10256,1634.67,INR,captured,2026-03-20T17:17:00Z,card,MREF_10256
PAY_10257,ORDER_10257,563.65,INR,captured,2026-03-01T18:03:00Z,card,MREF_10257
PAY_10258,ORDER_10258,1057.40,INR,captured,2026-03-09T13:27:00Z,netbanking,MREF_10258
PAY_10259,ORDER_10259,3664.89,INR,captured,2026-03-29T13:28:00Z,card,MREF_10259
PAY_10260,ORDER_10260,1654.62,INR,captured,2026-03-30T15:05:00Z,card,MREF_10260
PAY_10261,ORDER_10261,6850.60,INR,captured,2026-03-02T09:43:00Z,upi,MREF_10261
PAY_10262,ORDER_10262,1240.45,INR,captured,2026-03-07T12:45:00Z,card,MREF_10262
PAY_10263,ORDER_10263,777.04,INR,captured,2026-03-14T21:24:00Z,card,MREF_10263
PAY_10264,ORDER_10264,4472.77,INR,captured,2026-03-30T15:59:00Z,upi,MREF_10264
PAY_10265,ORDER_10265,6415.31,INR,captured,2026-03-13T07:47:00Z,card,MREF_10265
PAY_10266,ORDER_10266,4162.46,INR,captured,2026-03-28T21:36:00Z,upi,MREF_10266
PAY_10267,ORDER_10267,6356.48,INR,captured,2026-03-21T09:11:00Z,wallet,MREF_10267
PAY_10268,ORDER_10268,8617.59,INR,captured,2026-03-12T21:10:00Z,upi,MREF_10268
PAY_10269,ORDER_10269,4921.84,INR,captured,2026-03-12T12:21:00Z,wallet,MREF_10269
PAY_10270,ORDER_10270,1564.08,INR,captured,2026-03-23T13:02:00Z,card,MREF_10270
PAY_10271,ORDER_10271,7292.77,INR,captured,2026-03-25T14:01:00Z,netbanking,MREF_10271
PAY_10272,ORDER_10272,6983.98,INR,captured,2026-03-23T13:39:00Z,wallet,MREF_10272
PAY_10273,ORDER_10273,4935.51,INR,captured,2026-03-06T18:25:00Z,wallet,MREF_10273
PAY_10274,ORDER_10274,4368.24,INR,captured,2026-03-24T15:11:00Z,card,MREF_10274
PAY_10275,ORDER_10275,9075.95,INR,captured,2026-03-27T21:34:00Z,upi,MREF_10275
PAY_10276,ORDER_10276,1077.24,INR,captured,2026-03-06T17:33:00Z,card,MREF_10276
PAY_10277,ORDER_10277,9146.46,INR,captured,2026-03-17T08:59:00Z,netbanking,MREF_10277
PAY_10278,ORDER_10278,2493.73,INR,captured,2026-03-10T13:27:00Z,upi,MREF_10278
PAY_10279,ORDER_10279,1416.63,INR,captured,2026-03-09T07:59:00Z,upi,MREF_10279
PAY_10280,ORDER_10280,4155.62,INR,captured,2026-03-03T08:55:00Z,netbanking,MREF_10280
PAY_10281,ORDER_10281,7105.34,INR,captured,2026-03-20T21:24:00Z,netbanking,MREF_10281
PAY_10282,ORDER_10282,1251.28,INR,captured,2026-03-14T06:17:00Z,wallet,MREF_10282
PAY_10283,ORDER_10283,2640.78,INR,captured,2026-03-24T18:30:00Z,upi,MREF_10283
PAY_10284,ORDER_10284,8969.64,INR,captured,2026-03-18T17:11:00Z,wallet,MREF_10284
PAY_10285,ORDER_10285,5202.37,INR,captured,2026-03-02T11:52:00Z,card,MREF_10285
PAY_10286,ORDER_10286,7262.84,INR,captured,2026-03-01T18:57:00Z,card,MREF_10286
PAY_10287,ORDER_10287,2647.25,INR,captured,2026-03-10T11:12:00Z,wallet,MREF_10287
PAY_10288,ORDER_10288,1903.59,INR,captured,2026-03-03T11:07:00Z,card,MREF_10288
PAY_10289,ORDER_10289,3148.80,INR,captured,2026-03-08T21:15:00Z,netbanking,MREF_10289
PAY_10290,ORDER_10290,6666.30,INR,captured,2026-03-07T20:31:00Z,card,MREF_10290
PAY_10291,ORDER_10291,7561.16,INR,captured,2026-03-27T14:09:00Z,netbanking,MREF_10291
PAY_10292,ORDER_10292,9445.86,INR,captured,2026-03-03T07:05:00Z,netbanking,MREF_10292
PAY_10293,ORDER_10293,3084.22,INR,captured,2026-03-12T17:10:00Z,card,MREF_10293
PAY_10294,ORDER_10294,6661.18,INR,captured,2026-03-26T11:18:00Z,upi,MREF_10294
PAY_10295,ORDER_10295,5781.28,INR,captured,2026-03-11T08:37:00Z,netbanking,MREF_10295
PAY_10296,ORDER_10296,4623.37,INR,captured,2026-03-22T06:19:00Z,netbanking,MREF_10296
PAY_10297,ORDER_10297,7368.93,INR,captured,2026-03-03T20:36:00Z,netbanking,MREF_10297
PAY_10298,ORDER_10298,212.53,INR,captured,2026-03-17T21:11:00Z,netbanking,MREF_10298
PAY_10299,ORDER_10299,4959.51,INR,captured,2026-03-04T21:51:00Z,card,MREF_10299
PAY_10300,ORDER_10300,841.83,INR,captured,2026-03-27T19:12:00Z,wallet,MREF_10300
PAY_10301,ORDER_10301,3805.42,INR,captured,2026-03-13T08:39:00Z,upi,MREF_10301
PAY_10302,ORDER_10302,473.60,INR,captured,2026-03-06T20:53:00Z,wallet,MREF_10302
PAY_10303,ORDER_10303,8896.86,INR,captured,2026-03-11T10:45:00Z,netbanking,MREF_10303
PAY_10304,ORDER_10304,9286.43,INR,captured,2026-03-28T08:50:00Z,netbanking,MREF_10304
PAY_10305,ORDER_10305,4870.27,INR,captured,2026-03-08T18:53:00Z,netbanking,MREF_10305
PAY_10306,ORDER_10306,9165.94,INR,captured,2026-03-09T07:50:00Z,card,MREF_10306
PAY_10307,ORDER_10307,6494.92,INR,captured,2026-03-23T15:30:00Z,card,MREF_10307
PAY_10308,ORDER_10308,1737.31,INR,captured,2026-03-20T11:38:00Z,card,MREF_10308
PAY_10309,ORDER_10309,3417.72,INR,captured,2026-03-03T13:08:00Z,wallet,MREF_10309
PAY_10310,ORDER_10310,1186.52,INR,captured,2026-03-04T16:01:00Z,wallet,MREF_10310
PAY_10311,ORDER_10311,2494.96,INR,captured,2026-03-02T18:14:00Z,upi,MREF_10311
PAY_10312,ORDER_10312,6417.52,INR,captured,2026-03-17T14:59:00Z,netbanking,MREF_10312
PAY_10313,ORDER_10313,868.07,INR,captured,2026-03-12T15:28:00Z,netbanking,MREF_10313
PAY_10314,ORDER_10314,8746.54,INR,captured,2026-03-29T08:02:00Z,wallet,MREF_10314
PAY_10315,ORDER_10315,6400.08,INR,captured,2026-03-07T06:33:00Z,upi,MREF_10315
PAY_10316,ORDER_10316,4223.62,INR,captured,2026-03-24T07:49:00Z,card,MREF_10316
PAY_10317,ORDER_10317,6859.91,INR,captured,2026-03-29T21:40:00Z,netbanking,MREF_10317
PAY_10318,ORDER_10318,7737.46,INR,captured,2026-03-13T06:16:00Z,card,MREF_10318
PAY_10319,ORDER_10319,1692.61,INR,captured,2026-03-21T17:39:00Z,wallet,MREF_10319
PAY_10320,ORDER_10320,2426.75,INR,captured,2026-03-16T19:45:00Z,wallet,MREF_10320
PAY_10321,ORDER_10321,6112.79,INR,captured,2026-03-18T06:11:00Z,wallet,MREF_10321
PAY_10322,ORDER_10322,6016.51,INR,captured,2026-03-09T14:19:00Z,card,MREF_10322
PAY_10323,ORDER_10323,1335.49,INR,captured,2026-03-09T14:05:00Z,card,MREF_10323
PAY_10324,ORDER_10324,7139.03,INR,captured,2026-03-25T08:10:00Z,upi,MREF_10324
PAY_10325,ORDER_10325,6353.65,INR,captured,2026-03-10T06:36:00Z,netbanking,MREF_10325
PAY_10326,ORDER_10326,1399.68,INR,captured,2026-03-05T15:48:00Z,wallet,MREF_10326
PAY_10327,ORDER_10327,5764.42,INR,captured,2026-03-02T12:21:00Z,upi,MREF_10327
PAY_10328,ORDER_10328,6919.79,INR,captured,2026-03-02T13:24:00Z,upi,MREF_10328
PAY_10329,ORDER_10329,5210.24,INR,captured,2026-03-30T15:47:00Z,wallet,MREF_10329
PAY_10330,ORDER_10330,8598.80,INR,captured,2026-03-19T08:52:00Z,card,MREF_10330
PAY_10331,ORDER_10331,5258.76,INR,captured,2026-03-12T21:26:00Z,upi,MREF_10331
PAY_10332,ORDER_10332,8559.78,INR,captured,2026-03-09T14:20:00Z,upi,MREF_10332
PAY_10333,ORDER_10333,1904.95,INR,captured,2026-03-08T18:32:00Z,netbanking,MREF_10333
PAY_10334,ORDER_10334,8782.07,INR,captured,2026-03-10T16:37:00Z,upi,MREF_10334
PAY_10335,ORDER_10335,7158.20,INR,captured,2026-03-07T11:19:00Z,wallet,MREF_10335
PAY_10336,ORDER_10336,559.75,INR,captured,2026-03-15T20:15:00Z,netbanking,MREF_10336
PAY_10337,ORDER_10337,7823.66,INR,captured,2026-03-28T14:39:00Z,netbanking,MREF_10337
PAY_10338,ORDER_10338,2661.00,INR,captured,2026-03-21T13:23:00Z,wallet,MREF_10338
PAY_10339,ORDER_10339,613.85,INR,captured,2026-03-04T12:43:00Z,wallet,MREF_10339
PAY_10340,ORDER_10340,1225.45,INR,captured,2026-03-21T12:29:00Z,upi,MREF_10340
PAY_10341,ORDER_10341,2602.67,INR,captured,2026-03-10T20:59:00Z,wallet,MREF_10341
PAY_10342,ORDER_10342,6180.02,INR,captured,2026-03-02T20:43:00Z,card,MREF_10342
PAY_10343,ORDER_10343,1745.65,INR,captured,2026-03-29T08:03:00Z,card,MREF_10343
PAY_10344,ORDER_10344,600.14,INR,captured,2026-03-29T19:15:00Z,card,MREF_10344
PAY_10345,ORDER_10345,8958.93,INR,captured,2026-03-30T17:52:00Z,upi,MREF_10345
PAY_10346,ORDER_10346,1867.80,INR,captured,2026-03-26T21:40:00Z,wallet,MREF_10346
PAY_10347,ORDER_10347,3010.15,INR,captured,2026-03-03T14:33:00Z,netbanking,MREF_10347
PAY_10348,ORDER_10348,7074.67,INR,captured,2026-03-08T12:10:00Z,wallet,MREF_10348
PAY_10349,ORDER_10349,5996.65,INR,captured,2026-03-21T16:31:00Z,netbanking,MREF_10349
PAY_10350,ORDER_10350,1308.39,INR,captured,2026-03-17T07:12:00Z,upi,MREF_10350
PAY_10351,ORDER_10351,8560.82,INR,captured,2026-03-06T09:06:00Z,upi,MREF_10351
PAY_10352,ORDER_10352,8089.21,INR,captured,2026-03-20T17:28:00Z,wallet,MREF_10352
PAY_10353,ORDER_10353,8063.41,INR,captured,2026-03-04T21:56:00Z,card,MREF_10353
PAY_10354,ORDER_10354,6383.77,INR,captured,2026-03-15T11:29:00Z,netbanking,MREF_10354
PAY_10355,ORDER_10355,4343.30,INR,captured,2026-03-09T16:23:00Z,card,MREF_10355
PAY_10356,ORDER_10356,1253.40,INR,captured,2026-03-02T09:26:00Z,wallet,MREF_10356
PAY_10357,ORDER_10357,614.19,INR,captured,2026-03-10T09:34:00Z,netbanking,MREF_10357
PAY_10358,ORDER_10358,6896.82,INR,captured,2026-03-05T08:15:00Z,netbanking,MREF_10358
PAY_10359,ORDER_10359,4780.04,INR,captured,2026-03-30T11:21:00Z,card,MREF_10359
PAY_10360,ORDER_10360,1339.33,INR,captured,2026-03-25T09:06:00Z,upi,MREF_10360
PAY_10361,ORDER_10361,2242.86,INR,captured,2026-03-09T15:42:00Z,card,MREF_10361
PAY_10362,ORDER_10362,3589.67,INR,captured,2026-03-11T10:54:00Z,card,MREF_10362
PAY_10363,ORDER_10363,2966.08,INR,captured,2026-03-06T09:45:00Z,wallet,MREF_10363
PAY_10364,ORDER_10364,6524.05,INR,captured,2026-03-06T13:50:00Z,netbanking,MREF_10364
PAY_10365,ORDER_10365,6180.14,INR,captured,2026-03-13T20:01:00Z,netbanking,MREF_10365
PAY_10366,ORDER_10366,8602.90,INR,captured,2026-03-21T21:54:00Z,card,MREF_10366
PAY_10367,ORDER_10367,2295.71,INR,captured,2026-03-30T11:16:00Z,card,MREF_10367
PAY_10368,ORDER_10368,6588.77,INR,captured,2026-03-30T13:08:00Z,upi,MREF_10368
PAY_10369,ORDER_10369,1868.56,INR,captured,2026-03-07T19:36:00Z,wallet,MREF_10369
PAY_10370,ORDER_10370,4198.07,INR,captured,2026-03-27T13:33:00Z,card,MREF_10370
PAY_10371,ORDER_10371,5741.07,INR,captured,2026-03-05T13:05:00Z,netbanking,MREF_10371
PAY_10372,ORDER_10372,1318.81,INR,captured,2026-03-01T16:18:00Z,wallet,MREF_10372
PAY_10373,ORDER_10373,2651.36,INR,captured,2026-03-05T09:07:00Z,wallet,MREF_10373
PAY_10374,ORDER_10374,9059.79,INR,captured,2026-03-01T16:55:00Z,netbanking,MREF_10374
PAY_10375,ORDER_10375,5300.92,INR,captured,2026-03-07T15:14:00Z,card,MREF_10375
PAY_10376,ORDER_10376,9121.82,INR,captured,2026-03-08T12:44:00Z,card,MREF_10376
PAY_10377,ORDER_10377,6213.77,INR,captured,2026-03-19T08:05:00Z,card,MREF_10377
PAY_10378,ORDER_10378,4464.13,INR,captured,2026-03-17T06:42:00Z,upi,MREF_10378
PAY_10379,ORDER_10379,5362.26,INR,captured,2026-03-29T21:45:00Z,card,MREF_10379
PAY_10380,ORDER_10380,6522.75,INR,captured,2026-03-27T18:23:00Z,netbanking,MREF_10380
PAY_10381,ORDER_10381,9401.21,INR,captured,2026-03-10T10:29:00Z,wallet,MREF_10381
PAY_10382,ORDER_10382,200.23,INR,captured,2026-03-15T14:43:00Z,card,MREF_10382
PAY_10383,ORDER_10383,5059.85,INR,captured,2026-03-01T08:52:00Z,wallet,MREF_10383
PAY_10384,ORDER_10384,276.66,INR,captured,2026-03-12T09:46:00Z,upi,MREF_10384
PAY_10385,ORDER_10385,351.77,INR,captured,2026-03-09T18:28:00Z,netbanking,MREF_10385
PAY_10386,ORDER_10386,7748.39,INR,captured,2026-03-15T10:08:00Z,netbanking,MREF_10386
PAY_10387,ORDER_10387,7895.18,INR,captured,2026-03-21T21:21:00Z,card,MREF_10387
PAY_10388,ORDER_10388,2944.98,INR,captured,2026-03-23T07:55:00Z,card,MREF_10388
PAY_10389,ORDER_10389,8421.35,INR,captured,2026-03-23T14:19:00Z,wallet,MREF_10389
PAY_10390,ORDER_10390,6061.72,INR,captured,2026-03-18T18:31:00Z,netbanking,MREF_10390
PAY_10391,ORDER_10391,879.77,INR,captured,2026-03-06T13:18:00Z,netbanking,MREF_10391
PAY_10392,ORDER_10392,7302.52,INR,captured,2026-03-30T06:13:00Z,card,MREF_10392
PAY_10393,ORDER_10393,2472.23,INR,captured,2026-03-28T19:22:00Z,wallet,MREF_10393
PAY_10394,ORDER_10394,3251.57,INR,captured,2026-03-12T21:02:00Z,card,MREF_10394
PAY_10395,ORDER_10395,5345.78,INR,captured,2026-03-19T06:53:00Z,netbanking,MREF_10395
PAY_10396,ORDER_10396,8331.88,INR,captured,2026-03-11T16:32:00Z,netbanking,MREF_10396
PAY_10397,ORDER_10397,823.87,INR,captured,2026-03-20T13:23:00Z,upi,MREF_10397
PAY_10398,ORDER_10398,8021.30,INR,captured,2026-03-22T14:58:00Z,netbanking,MREF_10398
PAY_10399,ORDER_10399,766.11,INR,captured,2026-03-28T17:50:00Z,upi,MREF_10399
PAY_10400,ORDER_10400,4501.16,INR,captured,2026-03-20T14:41:00Z,wallet,MREF_10400
PAY_10401,ORDER_10401,1941.57,INR,captured,2026-03-14T09:26:00Z,wallet,MREF_10401
PAY_10402,ORDER_10402,6565.22,INR,captured,2026-03-02T16:40:00Z,wallet,MREF_10402
PAY_10403,ORDER_10403,699.09,INR,captured,2026-03-15T10:12:00Z,netbanking,MREF_10403
PAY_10404,ORDER_10404,5858.70,INR,captured,2026-03-08T06:51:00Z,upi,MREF_10404
PAY_10405,ORDER_10405,6058.45,INR,captured,2026-03-15T08:06:00Z,card,MREF_10405
PAY_10406,ORDER_10406,2284.17,INR,captured,2026-03-05T06:06:00Z,card,MREF_10406
PAY_10407,ORDER_10407,3725.42,INR,captured,2026-03-22T06:51:00Z,wallet,MREF_10407
PAY_10408,ORDER_10408,4093.39,INR,captured,2026-03-03T06:33:00Z,wallet,MREF_10408
PAY_10409,ORDER_10409,2296.89,INR,captured,2026-03-07T19:53:00Z,card,MREF_10409
PAY_10410,ORDER_10410,703.54,INR,captured,2026-03-15T08:58:00Z,upi,MREF_10410
PAY_10411,ORDER_10411,9351.58,INR,captured,2026-03-18T14:48:00Z,upi,MREF_10411
PAY_10412,ORDER_10412,275.33,INR,captured,2026-03-17T06:55:00Z,netbanking,MREF_10412
PAY_10413,ORDER_10413,5395.73,INR,captured,2026-03-24T15:56:00Z,card,MREF_10413
PAY_10414,ORDER_10414,1561.95,INR,captured,2026-03-25T15:03:00Z,upi,MREF_10414
PAY_10415,ORDER_10415,6172.43,INR,captured,2026-03-06T12:29:00Z,card,MREF_10415
PAY_10416,ORDER_10416,8222.19,INR,captured,2026-03-10T08:18:00Z,upi,MREF_10416
PAY_10417,ORDER_10417,4522.90,INR,captured,2026-03-23T18:53:00Z,netbanking,MREF_10417
PAY_10418,ORDER_10418,1922.08,INR,captured,2026-03-06T15:13:00Z,wallet,MREF_10418
PAY_10419,ORDER_10419,9193.68,INR,captured,2026-03-11T15:36:00Z,netbanking,MREF_10419
PAY_10420,ORDER_10420,5449.58,INR,captured,2026-03-01T20:52:00Z,wallet,MREF_10420
PAY_10421,ORDER_10421,2018.24,INR,captured,2026-03-14T14:32:00Z,wallet,MREF_10421
PAY_10422,ORDER_10422,7542.85,INR,captured,2026-03-12T21:53:00Z,wallet,MREF_10422
PAY_10423,ORDER_10423,7655.13,INR,captured,2026-03-03T13:11:00Z,wallet,MREF_10423
PAY_10424,ORDER_10424,5868.57,INR,captured,2026-03-09T19:17:00Z,upi,MREF_10424
PAY_10425,ORDER_10425,6130.84,INR,captured,2026-03-22T20:51:00Z,netbanking,MREF_10425
PAY_10426,ORDER_10426,6561.12,INR,captured,2026-03-20T09:38:00Z,wallet,MREF_10426
PAY_10427,ORDER_10427,6250.17,INR,captured,2026-03-03T10:41:00Z,upi,MREF_10427
PAY_10428,ORDER_10428,3516.86,INR,captured,2026-03-21T18:03:00Z,wallet,MREF_10428
PAY_10429,ORDER_10429,6669.27,INR,captured,2026-03-10T07:06:00Z,wallet,MREF_10429
PAY_10430,ORDER_10430,472.79,INR,captured,2026-03-16T11:34:00Z,netbanking,MREF_10430
PAY_10431,ORDER_10431,8538.06,INR,captured,2026-03-21T19:58:00Z,netbanking,MREF_10431
PAY_10432,ORDER_10432,4016.77,INR,captured,2026-03-04T14:48:00Z,card,MREF_10432
PAY_10433,ORDER_10433,2567.10,INR,captured,2026-03-25T11:28:00Z,netbanking,MREF_10433
PAY_10434,ORDER_10434,5720.46,INR,captured,2026-03-03T07:41:00Z,upi,MREF_10434
PAY_10435,ORDER_10435,6263.66,INR,captured,2026-03-01T18:43:00Z,netbanking,MREF_10435
PAY_10436,ORDER_10436,1834.54,INR,captured,2026-03-10T10:19:00Z,wallet,MREF_10436
PAY_10437,ORDER_10437,4154.36,INR,captured,2026-03-16T08:58:00Z,card,MREF_10437
PAY_10438,ORDER_10438,1574.10,INR,captured,2026-03-11T07:24:00Z,card,MREF_10438
PAY_10439,ORDER_10439,8998.61,INR,captured,2026-03-13T18:05:00Z,wallet,MREF_10439
PAY_10440,ORDER_10440,2891.74,INR,captured,2026-03-18T07:01:00Z,wallet,MREF_10440
PAY_10441,ORDER_10441,5725.77,INR,captured,2026-03-23T15:19:00Z,netbanking,MREF_10441
PAY_10442,ORDER_10442,6641.52,INR,captured,2026-03-18T19:22:00Z,upi,MREF_10442
PAY_10443,ORDER_10443,5942.67,INR,captured,2026-03-30T16:54:00Z,wallet,MREF_10443
PAY_10444,ORDER_10444,9159.28,INR,captured,2026-03-03T06:36:00Z,card,MREF_10444
PAY_10445,ORDER_10445,6622.74,INR,captured,2026-03-19T08:57:00Z,upi,MREF_10445
PAY_10446,ORDER_10446,4672.23,INR,captured,2026-03-09T16:51:00Z,wallet,MREF_10446
PAY_10447,ORDER_10447,7574.22,INR,captured,2026-03-04T12:15:00Z,netbanking,MREF_10447
PAY_10448,ORDER_10448,7337.10,INR,captured,2026-03-23T16:06:00Z,wallet,MREF_10448
PAY_10449,ORDER_10449,1502.08,INR,captured,2026-03-20T20:07:00Z,upi,MREF_10449
PAY_10450,ORDER_10450,880.21,INR,captured,2026-03-20T08:28:00Z,wallet,MREF_10450
PAY_10451,ORDER_10451,212.36,INR,captured,2026-03-17T17:16:00Z,wallet,MREF_10451
PAY_10452,ORDER_10452,827.27,INR,captured,2026-03-17T09:02:00Z,wallet,MREF_10452
PAY_10453,ORDER_10453,2972.81,INR,captured,2026-03-20T12:25:00Z,upi,MREF_10453
PAY_10454,ORDER_10454,1434.73,INR,captured,2026-03-18T08:31:00Z,card,MREF_10454
PAY_10455,ORDER_10455,3782.43,INR,captured,2026-03-08T10:11:00Z,wallet,MREF_10455
PAY_10456,ORDER_10456,3008.94,INR,captured,2026-03-06T12:17:00Z,wallet,MREF_10456
PAY_10457,ORDER_10457,4631.80,INR,captured,2026-03-03T19:11:00Z,upi,MREF_10457
PAY_10458,ORDER_10458,7843.07,INR,captured,2026-03-09T15:25:00Z,netbanking,MREF_10458
PAY_10459,ORDER_10459,7733.07,INR,captured,2026-03-27T06:14:00Z,netbanking,MREF_10459
PAY_10460,ORDER_10460,8482.65,INR,captured,2026-03-22T09:41:00Z,upi,MREF_10460
PAY_10461,ORDER_10461,6760.59,INR,captured,2026-03-26T10:10:00Z,netbanking,MREF_10461
PAY_10462,ORDER_10462,7641.45,INR,captured,2026-03-02T10:51:00Z,card,MREF_10462
PAY_10463,ORDER_10463,4501.22,INR,captured,2026-03-18T21:22:00Z,netbanking,MREF_10463
PAY_10464,ORDER_10464,7694.37,INR,captured,2026-03-17T19:47:00Z,card,MREF_10464
PAY_10465,ORDER_10465,9348.87,INR,captured,2026-03-02T17:45:00Z,netbanking,MREF_10465
PAY_10466,ORDER_10466,3499.03,INR,captured,2026-03-05T09:48:00Z,netbanking,MREF_10466
PAY_10467,ORDER_10467,868.50,INR,captured,2026-03-04T12:28:00Z,card,MREF_10467
PAY_10468,ORDER_10468,654.10,INR,captured,2026-03-22T12:39:00Z,netbanking,MREF_10468
PAY_10469,ORDER_10469,4898.70,INR,captured,2026-03-11T15:05:00Z,card,MREF_10469
PAY_10470,ORDER_10470,7088.33,INR,captured,2026-03-28T14:07:00Z,upi,MREF_10470
PAY_10471,ORDER_10471,3501.34,INR,captured,2026-03-14T19:02:00Z,netbanking,MREF_10471
PAY_10472,ORDER_10472,3674.76,INR,captured,2026-03-02T20:42:00Z,card,MREF_10472
PAY_10473,ORDER_10473,3011.13,INR,captured,2026-03-29T08:13:00Z,card,MREF_10473
PAY_10474,ORDER_10474,4347.29,INR,captured,2026-03-21T09:42:00Z,netbanking,MREF_10474
PAY_10475,ORDER_10475,8201.67,INR,captured,2026-03-06T19:42:00Z,wallet,MREF_10475
PAY_10476,ORDER_10476,5104.19,INR,captured,2026-03-27T08:16:00Z,netbanking,MREF_10476
PAY_10477,ORDER_10477,7932.47,INR,captured,2026-03-06T07:27:00Z,netbanking,MREF_10477
PAY_10478,ORDER_10478,5734.18,INR,captured,2026-03-30T08:50:00Z,card,MREF_10478
PAY_10479,ORDER_10479,5440.28,INR,captured,2026-03-12T11:17:00Z,netbanking,MREF_10479
PAY_10480,ORDER_10480,2947.53,INR,captured,2026-03-06T21:20:00Z,card,MREF_10480
PAY_10481,ORDER_10481,3591.05,INR,captured,2026-03-21T20:19:00Z,netbanking,MREF_10481
PAY_10482,ORDER_10482,3787.11,INR,captured,2026-03-02T20:16:00Z,card,MREF_10482
PAY_10483,ORDER_10483,8770.11,INR,captured,2026-03-17T18:22:00Z,upi,MREF_10483
PAY_10484,ORDER_10484,2909.88,INR,captured,2026-03-17T20:42:00Z,wallet,MREF_10484
PAY_10485,ORDER_10485,7529.11,INR,captured,2026-03-18T20:53:00Z,card,MREF_10485
PAY_10486,ORDER_10486,3533.99,INR,captured,2026-03-07T19:21:00Z,card,MREF_10486
PAY_10487,ORDER_10487,1972.00,INR,captured,2026-03-30T10:24:00Z,upi,MREF_10487
PAY_10488,ORDER_10488,3075.91,INR,captured,2026-03-09T16:39:00Z,netbanking,MREF_10488
PAY_10489,ORDER_10489,7167.03,INR,captured,2026-03-19T19:40:00Z,card,MREF_10489
PAY_10490,ORDER_10490,7927.85,INR,captured,2026-03-25T14:15:00Z,wallet,MREF_10490
PAY_10491,ORDER_10491,6567.50,INR,captured,2026-03-18T06:14:00Z,upi,MREF_10491
PAY_10492,ORDER_10492,4768.67,INR,captured,2026-03-18T21:28:00Z,wallet,MREF_10492
PAY_10493,ORDER_10493,2795.66,INR,captured,2026-03-13T12:30:00Z,wallet,MREF_10493
PAY_10494,ORDER_10494,7938.16,INR,captured,2026-03-03T07:31:00Z,card,MREF_10494
PAY_10495,ORDER_10495,4718.57,INR,captured,2026-03-21T18:05:00Z,wallet,MREF_10495
PAY_10496,ORDER_10496,2309.83,INR,captured,2026-03-02T10:11:00Z,netbanking,MREF_10496
PAY_10497,ORDER_10497,7349.66,INR,captured,2026-03-28T19:31:00Z,card,MREF_10497
PAY_10498,ORDER_10498,8344.49,INR,captured,2026-03-04T12:12:00Z,netbanking,MREF_10498
PAY_10499,ORDER_10499,2426.12,INR,captured,2026-03-01T13:31:00Z,card,MREF_10499
PAY_10500,ORDER_10500,3801.61,INR,captured,2026-03-06T18:24:00Z,wallet,MREF_10500
